{"format": "layers-model", "generatedBy": "keras v2.2.4-tf", "convertedBy": "TensorFlow.js Converter v1.3.2", "modelTopology": {"keras_version": "2.2.4-tf", "backend": "tensorflow", "model_config": {"class_name": "Sequential", "config": {"name": "sequential_1", "layers": [{"class_name": "Conv2D", "config": {"name": "conv2d_3", "trainable": true, "batch_input_shape": [null, 28, 28, 1], "dtype": "float32", "filters": 16, "kernel_size": [3, 3], "strides": [1, 1], "padding": "same", "data_format": "channels_last", "dilation_rate": [1, 1], "activation": "relu", "use_bias": true, "kernel_initializer": {"class_name": "GlorotUniform", "config": {"seed": null, "dtype": "float32"}}, "bias_initializer": {"class_name": "Zeros", "config": {"dtype": "float32"}}, "kernel_regularizer": null, "bias_regularizer": null, "activity_regularizer": null, "kernel_constraint": null, "bias_constraint": null}}, {"class_name": "MaxPooling2D", "config": {"name": "max_pooling2d_3", "trainable": true, "dtype": "float32", "pool_size": [2, 2], "padding": "valid", "strides": [2, 2], "data_format": "channels_last"}}, {"class_name": "Conv2D", "config": {"name": "conv2d_4", "trainable": true, "dtype": "float32", "filters": 32, "kernel_size": [3, 3], "strides": [1, 1], "padding": "same", "data_format": "channels_last", "dilation_rate": [1, 1], "activation": "relu", "use_bias": true, "kernel_initializer": {"class_name": "GlorotUniform", "config": {"seed": null, "dtype": "float32"}}, "bias_initializer": {"class_name": "Zeros", "config": {"dtype": "float32"}}, "kernel_regularizer": null, "bias_regularizer": null, "activity_regularizer": null, "kernel_constraint": null, "bias_constraint": null}}, {"class_name": "MaxPooling2D", "config": {"name": "max_pooling2d_4", "trainable": true, "dtype": "float32", "pool_size": [2, 2], "padding": "valid", "strides": [2, 2], "data_format": "channels_last"}}, {"class_name": "Conv2D", "config": {"name": "conv2d_5", "trainable": true, "dtype": "float32", "filters": 64, "kernel_size": [3, 3], "strides": [1, 1], "padding": "same", "data_format": "channels_last", "dilation_rate": [1, 1], "activation": "relu", "use_bias": true, "kernel_initializer": {"class_name": "GlorotUniform", "config": {"seed": null, "dtype": "float32"}}, "bias_initializer": {"class_name": "Zeros", "config": {"dtype": "float32"}}, "kernel_regularizer": null, "bias_regularizer": null, "activity_regularizer": null, "kernel_constraint": null, "bias_constraint": null}}, {"class_name": "MaxPooling2D", "config": {"name": "max_pooling2d_5", "trainable": true, "dtype": "float32", "pool_size": [2, 2], "padding": "valid", "strides": [2, 2], "data_format": "channels_last"}}, {"class_name": "Flatten", "config": {"name": "flatten_1", "trainable": true, "dtype": "float32", "data_format": "channels_last"}}, {"class_name": "Dense", "config": {"name": "dense_2", "trainable": true, "dtype": "float32", "units": 128, "activation": "relu", "use_bias": true, "kernel_initializer": {"class_name": "GlorotUniform", "config": {"seed": null, "dtype": "float32"}}, "bias_initializer": {"class_name": "Zeros", "config": {"dtype": "float32"}}, "kernel_regularizer": null, "bias_regularizer": null, "activity_regularizer": null, "kernel_constraint": null, "bias_constraint": null}}, {"class_name": "Dense", "config": {"name": "dense_3", "trainable": true, "dtype": "float32", "units": 10, "activation": "softmax", "use_bias": true, "kernel_initializer": {"class_name": "GlorotUniform", "config": {"seed": null, "dtype": "float32"}}, "bias_initializer": {"class_name": "Zeros", "config": {"dtype": "float32"}}, "kernel_regularizer": null, "bias_regularizer": null, "activity_regularizer": null, "kernel_constraint": null, "bias_constraint": null}}]}}}, "weightsManifest": [{"paths": ["group1-shard1of1.bin"], "weights": [{"name": "conv2d_3/kernel", "shape": [3, 3, 1, 16], "dtype": "float32"}, {"name": "conv2d_3/bias", "shape": [16], "dtype": "float32"}, {"name": "conv2d_4/kernel", "shape": [3, 3, 16, 32], "dtype": "float32"}, {"name": "conv2d_4/bias", "shape": [32], "dtype": "float32"}, {"name": "conv2d_5/kernel", "shape": [3, 3, 32, 64], "dtype": "float32"}, {"name": "conv2d_5/bias", "shape": [64], "dtype": "float32"}, {"name": "dense_2/kernel", "shape": [576, 128], "dtype": "float32"}, {"name": "dense_2/bias", "shape": [128], "dtype": "float32"}, {"name": "dense_3/kernel", "shape": [128, 10], "dtype": "float32"}, {"name": "dense_3/bias", "shape": [10], "dtype": "float32"}]}]}